EmailAddress,LoanAmount,LoanTerm,YearlyIncome,Age
sforlonge0@ucoz.ru,7232,10,105213,30
alutwidge1@hc360.com,7399,10,186080,21
mnolli2@is.gd,77,1,103825,62
krothman3@soup.io,5898,1,54390,60
eruggieri4@virginia.edu,5192,5,70201,39
emacgettigen5@a8.net,8259,5,70633,42
efyldes6@goo.gl,54,1,188840,48
cchorley7@istockphoto.com,1606,5,44899,23
ndowning8@hexun.com,7904,10,47328,33
mmeere9@businesswire.com,9949,3,195740,59
dwhylera@tumblr.com,4561,1,84516,49
vponteb@time.com,5245,3,182151,58
tclearec@telegraph.co.uk,4694,1,94005,33
jdoogd@i2i.jp,1835,5,51503,45
etomasinie@last.fm,3053,10,32531,56
lingilsonf@wikia.com,6283,3,38477,43
asawyerg@patch.com,4320,1,4084,26
mduhigh@pagesperso-orange.fr,4186,5,124334,55
amabbitti@typepad.com,8365,1,86359,46
lsommerlingj@businesswire.com,8228,1,158628,27
ababalolak@scribd.com,4216,3,77556,26
gpaskinl@bbb.org,2955,3,165334,38
lsansomem@ehow.com,571,3,137169,52
ctinwelln@google.com,6871,5,130897,48
tjaumeto@hp.com,8473,5,150760,37
hbigadikep@sakura.ne.jp,3913,5,104405,35
jhulbertq@wisc.edu,7031,10,136784,56
lmoorheadr@feedburner.com,108,3,14716,24
bstorahs@omniture.com,7542,5,14083,53
gbraynet@ucsd.edu,8146,3,2467,61
tsamsworthu@google.es,894,5,22523,59
pstronachv@google.de,7361,1,186375,54
knancarroww@sourceforge.net,1232,10,120059,29
cthorwarthx@virginia.edu,7258,10,120998,47
oscraftony@ehow.com,5789,3,140272,32
aashelfordz@bloomberg.com,546,3,120264,35
lmatus10@yolasite.com,1377,1,174288,56
jcoulthart11@istockphoto.com,643,10,42225,49
jbeglin12@businessinsider.com,6077,1,29732,56
agiovannetti13@furl.net,2011,3,125907,43
mmccrainor14@w3.org,5561,1,174800,31
jklimkowski15@alexa.com,9510,5,17951,41
spoutress16@soup.io,9901,5,185753,45
vmoorrud17@angelfire.com,297,5,152220,45
gkeith18@1und1.de,6960,5,116402,21
tbrosini19@woothemes.com,7860,10,171155,56
lnajara1a@miitbeian.gov.cn,9561,3,6522,34
gpendreigh1b@stumbleupon.com,7501,3,6874,60
jolwen1c@timesonline.co.uk,677,1,19208,26
wchatwood1d@spiegel.de,2631,1,52858,55
kpurvey1e@dot.gov,4102,3,137996,44
rbearcock1f@moonfruit.com,3349,3,139610,44
pmauchline1g@sun.com,1625,1,50871,30
jallbut1h@lycos.com,8559,5,155497,42
rvassay1i@usa.gov,7244,5,132524,42
zkornousek1j@diigo.com,3496,5,164157,33
rcappell1k@squarespace.com,6590,1,191021,46
jburt1l@wired.com,1434,3,62056,42
rnason1m@ibm.com,2223,5,32813,47
bulrik1n@homestead.com,396,10,125049,55
ilonding1o@about.me,3973,10,109955,47
mbrunstan1p@nba.com,2291,3,110070,29
sfysh1q@t.co,4624,3,147123,43
brebert1r@usda.gov,6926,1,131513,50
alascell1s@nsw.gov.au,1628,1,163192,45
bbennetto1t@google.co.jp,6357,10,164635,44
pblundel1u@icq.com,7437,10,90973,45
mokerin1v@umn.edu,6839,1,23547,41
rtoffalo1w@blinklist.com,7489,3,1334,53
amorkham1x@dmoz.org,1913,5,24443,56
mstutter1y@intel.com,1800,1,95089,62
jchateau1z@irs.gov,4947,5,23152,56
nhighton20@e-recht24.de,6069,1,54270,44
craiston21@addthis.com,6960,5,75113,32
fwohlers22@about.com,9836,5,112408,39
mswainston23@hud.gov,3053,10,120153,60
bmcmechan24@t-online.de,6531,1,107450,21
tisakovitch25@smugmug.com,7890,3,7579,58
rvanni26@pagesperso-orange.fr,4596,10,60227,48
dmcdonell27@youtu.be,2143,1,41428,35
gjefferd28@marketwatch.com,8832,5,124596,48
mmunroe29@storify.com,2040,1,146352,25
mharome2a@upenn.edu,3453,1,187142,37
mcarnduff2b@163.com,2779,5,161175,54
mkleeman2c@thetimes.co.uk,1971,5,126737,31
nkynson2d@wufoo.com,3632,1,19244,49
anoseworthy2e@github.io,2442,10,7764,43
mgouldeby2f@adobe.com,5374,1,182030,59
schater2g@newyorker.com,5875,1,172957,33
ikarpenko2h@seesaa.net,2412,10,83067,48
jdilston2i@hugedomains.com,8720,5,170441,21
rfant2j@berkeley.edu,8776,5,9713,29
scottham2k@histats.com,2803,3,89975,25
nrandalson2l@marketwatch.com,8512,5,106275,63
modger2m@prlog.org,9921,10,33797,24
mtoor2n@bloglovin.com,4499,10,138630,27
avassie2o@digg.com,721,5,88635,60
rvangiffen2p@mozilla.com,2947,5,88104,54
esouch2q@mac.com,5366,3,119372,23
mbosward2r@lulu.com,8268,3,29530,43
